warehouse worker $19-$24 +$4-000 retention bonus +$3-000 childcare yearly,albertsons/ tom thumb dc,roanoke,03-13-23
early childhood teacher (infants-pre-k),the goddard school - frisco- tx,frisco,03-13-23
building based sub - work everyday!,ess education,dallas,03-13-23
attendance clerk - high school,arlington independent school district,arlington,03-13-23
car wash attendant/detailer,audi grapevine,grapevine,03-13-23
customer service representative sales (wfh - work from home),at&t,remote in dallas,03-13-23
tsm operator 2nd shift,samsill corporation,fort worth,03-13-23
biostatistician ii,baylor scott & white health,dallas,03-13-23
amazon sortation center warehouse associate,amazon warehouse,irving,03-13-23
accounts receivable manager - beverage distributor (#31675),activ,irving,03-13-23
student support specialist,university of phoenix,remote in texas,03-13-23
office-based international aadvantage reservations representative,american airlines,dallas,03-13-23
amazon fulfillment center warehouse associate,amazon warehouse,dallas,03-13-23
remote coordinator needed to book cruises,orange coral reef ventures,remote in prosper,03-13-23
customer service agent,american airlines,dallas,03-13-23
marketing assistant - irving- tx,keystaff,irving,03-13-23
part time night auditor,hampton inn & suites trophy club,trophy club,03-13-23
lvn,a.t. staffing/advance'd temporaries,denton,03-13-23
ascp laboratory manager - mt / amt / cls,mlee healthcare,dallas,03-13-23
warehouse package handler,fedex ground ph us,arlington,03-13-23
mechanical apprentice,l&s mechanical,fort worth,03-13-23
innovation designer,southwest airlines,dallas,03-13-23
peer support specialist,phoenix house texas,dallas,03-13-23
front desk receptionist,south valley medical clinic,dallas,03-13-23
funeral director or apprentice,kramer family funeral home,hurst,03-13-23
part time evenings and weekends customer service representative,prize pest control,remote in dallas,03-13-23
remote specialist needed to book cruises,quality quests,remote in dallas,03-13-23
domestic sorter,dhl ecommerce,grand prairie,03-13-23
remote advisor needed to book theme park tickets,artemis arrow inc.,remote in dallas,03-13-23
administrative assistant,dept of family & protectve svc,dallas,03-13-23
entry level sales - 40k base,spectrum,irving,03-13-23
assistant property manager,confidential,lewisville,03-13-23
remote theme park booker,wavy shores,remote in highland park,03-13-23
unemployment insurance program specialist,us employment and training administration,dallas,03-13-23
sca customer service quality / audit representative - national remote,unitedhealth group,remote in dallas,03-13-23
m&r ojr claims quality / audit representative 1st pass hospital - national remote,unitedhealth group,remote in dallas,03-13-23
warehouse unloader am (mon-fri),costa solutions,dallas,03-13-23
greeter,honor bar,dallas,03-13-23
entry level office assistant,elite sports promotions,north richland hills,03-13-23
teller - irving macarthur - part time,wells fargo bank,irving,03-13-23
cheer & hip hop instructor,athletes global corporation,fort worth,03-13-23
new home sales counselor,unionmain homes,forney,03-13-23
data entry,business integra inc,irving,03-13-23
lead mover,wildcat movers,addison,03-13-23
remote booker for cruises,chasing sunsets co.,remote in highland park,03-13-23
research analyst 1,baylor scott & white health,dallas,03-13-23
gmk6300 crane operator,bms heavy cranes inc,texas,03-13-23
front desk receptionist/ medical assistant,cedar niles internal medicine p.a.,the colony,03-13-23
production coordinator (associate),boeing,dallas,03-13-23
remote advisor needed to book cruises,aqua coral reef co,remote in highland park,03-13-23
recovery resolution analyst - national remote,unitedhealth group,remote in dallas,03-13-23
associate- testing,santander us,dallas,03-13-23
occupational therapy assistant,stonemere rehabilitation center,frisco,03-13-23
(oca) executive assistant- office of arts and culture (non-civil service),city of dallas- tx,dallas,03-13-23
scheduler/remote,mcgill partners inc,remote in waxahachie,03-13-23
automotive collision training and service technical representative,car-o-liner southwest company,dallas,03-13-23
rural carr assoc/srv reg rte,united states postal service,irving,03-13-23
receptionist,manor solutions,dallas,03-13-23
data entry representative (manual letter support/printing) - evernorth health services - onsite,cigna,plano,03-13-23
experienced window tinting technician,vandergriff honda,arlington,03-13-23
merchandising part time days,lowe's,dallas,03-13-23
accounting clerk,eaton fine art,remote in texas,03-13-23
mds coordinator - $7-500 sign-on bonus!,interlochen health and rehabilitation center,arlington,03-13-23
medical assistant,foundation physicians group,dallas,03-13-23
foreman/supervisor excavation,sinacola,dallas,03-13-23
rehab therapy tech,encompass health rehabilitation hospital of plano,plano,03-13-23
accounting specialist,lombardi family concepts- inc.,dallas,03-13-23
assembler i,abbott laboratories,irving,03-13-23
gsoc specialist,gm financial,remote in arlington,03-13-23
customer service assistant manager,sharkey's cuts for kids,coppell,03-13-23
bilingual - patient services spec 1,baylor scott & white health,irving,03-13-23
awesomness only. office admin & order processing,eisinger smith consumer produts,dallas,03-13-23
chauffeur,ecs transportation group,dallas,03-13-23
scheduler/remote,embarc enterprises,remote in frisco,03-13-23
associate director- mre,hellofresh,remote in irving,03-13-23
sales manager,confidential,denton,03-13-23
shipping/receiving supervisor,keystaff,garland,03-13-23
prn registered nurse home health,medical city healthcare at home,irving,03-13-23
assistant manager,gateway property management,fort worth,03-13-23
reservationist,ecs transportation group,dallas,03-13-23
patient services spec 1,baylor scott & white health,dallas,03-13-23
production lead/assistant supervisor,xander staffing,arlington,03-13-23
ambulatory services representatives,children's health,dallas,03-13-23
mailroom processor,lereta- llc,dallas,03-13-23
produce repacks (permanent/full-time),labatt food service,dallas,03-13-23
technical assistant- technical operations,american airlines,dallas,03-13-23
clerk iii.6000200,dallas county,dallas,03-13-23
data analyst,upen group inc,irving,03-13-23
entry level documentation support specialist,healthdrive,dallas,03-13-23
technology analyst,southwest airlines,dallas,03-13-23
tier 1 helpdesk agent,teksystems,irving,03-13-23
front desk team member,rsg group,dallas,03-13-23
customer service representative,spectrum,irving,03-13-23
human resources manager,marriott international- inc,dallas,03-13-23
surest (formerly bind) claim policy and procedure specialist - national remote,unitedhealth group,remote in dallas,03-13-23
payroll analyst,excelin health,irving,03-13-23
airport customer service agent,gat airline support,dallas,03-13-23
unit secretary (picu),cook children's health care system,fort worth,03-13-23
dispatcher,ecs transportation group,dallas,03-13-23
system support specialist - library,city of lewisville- tx,lewisville,03-13-23
loan doc & proc assoc analyst - b10,citi,irving,03-13-23
night dry loader (permanent/full-time),labatt food service,dallas,03-13-23
resolution specialist i - health and wellness non-store operations (not remote),walmart,carrollton,03-13-23
full time - scheduling staffing admin – day,lowe's,arlington,03-13-23
remote honeymoon planner,hold and run,remote in plano,03-13-23
retail sales – part time,lowe's,dallas,03-13-23
supervisory currency processing assistant,us bureau of engraving and printing,fort worth,03-13-23
online new home advisor,legend home corporation,irving,03-13-23
accounting clerk i- accounting and fiscal services,ut southwestern,hybrid remote in dallas,03-13-23
merchandising service associate - plant service,lowe's,dallas,03-13-23
call center service consultant,toyota of irving,irving,03-13-23
event planner,trios events,remote in fort worth,03-13-23
test validation analyst,city of dallas- tx,dallas,03-13-23
scheduler/remote,jenkins partnerships inc,remote in fort worth,03-13-23
warehouse bulk full time 2nd shift,staples,coppell,03-13-23
payroll specialist (30658),railpros field services inc,irving,03-13-23
the north face sales associate (dallas- dallas- tx),the north face,dallas,03-13-23
technician ii – employee attendance - pc 19362,fort worth independent school district,fort worth,03-13-23
export document coordinator,dhl,fort worth,03-13-23
business support specialist,parkland health and hospital system,dallas,03-13-23
administrative assistant - irving- tx,keystaff,irving,03-13-23
food service worker - must be fully vaccinated!!!,aramark healthcare+ at baylor scott & white...,irving,03-13-23
hr generalist,prodly,remote in dallas,03-13-23
business office manager,arlington villas rehabilitation and healthcare...,arlington,03-13-23
youth development professional,the salvation army,irving,03-13-23
cashier/customer service,the smoke job,irving,03-13-23
customer service,wsa for radis community care,remote in dallas,03-13-23
hospitality specialist,limitless adventures,remote in dallas,03-13-23
planning specialist,hvtadventure,remote in garland,03-13-23
human resource generalist,city of white settlement,white settlement,03-13-23
customer service manager- airport workforce management,american airlines,dallas,03-13-23
manager – campus support services (two positions) 20046- 20020-3,fort worth independent school district,fort worth,03-13-23
diet clerk,ut southwestern,dallas,03-13-23
strategy analyst - global supply chain,at&t,dallas,03-13-23
day produce forklift (permanent/full-time),labatt food service,dallas,03-13-23
credit and risk reporting analyst,susser bank,arlington,03-13-23
loan processor,stellantis financial services us,dallas,03-13-23
carrollton- tx warehouse material handler,east penn manufacturing - deka batteries,carrollton,03-13-23
help desk analyst,help desk analyst,irving,03-13-23
retail customer service ii 34-40 hours,ikea,frisco,03-13-23
finance assistant,u.s. district court - northern district of texas,remote in dallas,03-13-23
coordinator iv - certification and employment eligibility,fort worth independent school district,fort worth,03-13-23
project coordinator,3-d construction,arlington,03-13-23
customer service representative,traver companies,remote in dallas,03-13-23
real estate transaction coordinator,landers investment llc,grand prairie,03-13-23
technical assistant,skyline cabinetry inc,dallas,03-13-23
philanthropic advisor,boy scouts of america,irving,03-13-23
operations analyst ii - gm protection,gm financial,hybrid remote in fort worth,03-13-23
human resources generalist,boy scouts of america,irving,03-13-23
(hybrid) supervisor- escrow administration,penfed credit union,irving,03-13-23
operations coordinator,rinse,dallas,03-13-23
body shop estimator,westway ford,irving,03-13-23
fabrication workers (multiple openings)- urgent needs,acara solutions,irving,03-13-23
collections representative - national remote,unitedhealth group,remote in dallas,03-13-23
ccl inspector iii,health & human services comm,dallas,03-13-23
warehouse & production associates,dtxt- llc,dallas,03-13-23
dfw qf premium host jan2023,hallmark aviation services,dallas,03-13-23
health coord 1,baylor scott & white health,dallas,03-13-23
assistant underwriter,bitco insurance companies,hybrid remote in irving,03-13-23
concessions attendant,global texas concessions llc,grand prairie,03-13-23
custodian - samsung,aramark,irving,03-13-23
materials technician- north campus,ut southwestern,dallas,03-13-23
amazon delivery station warehouse associate,amazon warehouse,mckinney,03-13-23
customer service representative,ascent 53.7,dallas,03-13-23
inflight safety assurance consultant,southwest airlines,hybrid remote in dallas,03-13-23
car rental driver,eds service solutions,irving,03-13-23
oag - child support | child support technician ii | 23-0608,office of the attorney general,fort worth,03-13-23
desktop staff appraiser -texas,servicelink,remote in irving,03-13-23
fleet services coordinator,matheson tri-gas,irving,03-13-23
service administrator,cummins inc.3.8,dallas,03-13-23
warehouse labor - pallet repair,48forty solutions,dallas,03-13-23
team leader patient access services,children's health,dallas,03-13-23
day cooler runner (permanent/full-time),labatt food service,dallas,03-13-23
server,hillstone,dallas,03-13-23
house cleaner,maid brigade of greater fort worth/mid-cities,irving,03-13-23
dealership & finance assistant,principle volkswagen,irving,03-13-23
records technician i - development services,city of dallas- tx,dallas,03-13-23
director- equipment fulfillment center,coca-cola southwest beverages,mesquite,03-13-23
quality assurance auditor,jsx,dallas,03-13-23
laboratory technician- uncertified,arbor diagnostics,dallas,03-13-23
facility housekeeper,u-haul,dallas,03-13-23
field investigator - greater new york area,jcpenney,plano,03-13-23
entry level customer service assistant,manor solutions,dallas,03-13-23
host or hostess,marriott international- inc,dallas,03-13-23
shipping & receiving clerk,production resource group llc,grand prairie,03-13-23
coordinator ii (226 days),dallas independent school district,dallas,03-13-23
test technician i,abbott laboratories,irving,03-13-23
columbia sportswear - part time - associate!,columbia,grand prairie,03-13-23
part time lecturer - jsom operations management,university of texas at dallas,richardson,03-13-23
concierge,bishop enterprise,dallas,03-13-23
legal support assistant,alston & bird,dallas,03-13-23
airport spa attendant,be relax spa,dallas,03-13-23
manufacturing support team member,lockheed martin corporation,fort worth,03-13-23
part time - sales associate – flexible,lowe's,dallas,03-13-23
member services representative 9459,collaborative mind llc,fort worth,03-13-23
patient financial services (i),cornerstone staffing,irving,03-13-23
fulfillment manager,thriftbooks,dallas,03-13-23
heavy equipment operator,city of irving texas,city of irving,03-13-23
retail cashier & sales floor support - gallery on the parkway rack,nordstrom,dallas,03-13-23
front office assistant,ace exhibits,southlake,03-13-23
dds discounts-irving (loss prevention),ross stores,irving,03-13-23
school crossing guard - highland park,all city management services,highland park,03-13-23
retail merchandising support associate- irving mall - part time,macy’s,irving,03-13-23
material handler ii,steris,grand prairie,03-13-23
service advisor- carrollton,simplytrue auto group,carrollton,03-13-23
inventory planner,mclane company,carrollton,03-13-23
document processing agent,triumph savings bank- ssb,dallas,03-13-23
morning; afternoon shift- security officer 75204,united protective services,dallas,03-13-23
rental asset administrator,production resource group llc,grand prairie,03-13-23
data visualization specialist,caterpillar,irving,03-13-23
data entry - industrial setting,pinpoint recruitment,richardson,03-13-23
accounting clerk,specialties direct,grand prairie,03-13-23
vet tech - community initiatives,operation kindness- animal shelter,dallas,03-13-23
cashier part time,lowe's,carrollton,03-13-23
technician co-op,sunbelt rentals,grand prairie,03-13-23
hiring on the spot! tuesday march 14th 2023 (dfw airport jobs),abm aviation - dfw airport,irving,03-13-23
executive assistant,lima usa,arlington,03-13-23
hiring now! aircraft cabin cleaners (dfw airport jobs) apply today!,abm aviation - dfw airport,irving,03-13-23
document processing agent,tbk bank,dallas,03-13-23
process control analyst (dwu-cwwtp),city of dallas- tx,dallas,03-13-23
duty free teacher assistant (grade: ec-5) base calendar,dallas independent school district,dallas,03-13-23
concierge,the villages on macarthur,irving,03-13-23
dispatcher,united site services,dallas,03-13-23
director- people business partners,american airlines,dallas,03-13-23
records analyst,pinnacle technical resources,dallas,03-13-23
title clerk,autosavvy,duncanville,03-13-23
manager is security remote,baylor scott & white health,remote in dallas,03-13-23
remote planning specialist,tipstrips and more,remote in dallas,03-13-23
csr - alarm monitoring agent,national monitoring center,irving,03-13-23
independent adjuster,mocat adjusters,dallas,03-13-23
administrative assistant ii,dhl,northlake,03-13-23
human resources generalist,spectrum,irving,03-13-23
bco field rep. - field operations centers,landstar system holdings- inc.3.8,fort worth,03-13-23
home health staffer (remote),california therapy services,dallas,03-13-23
leasing consultant - cortland at valley ranch - irving- tx,cortland,irving,03-13-23
educator,lululemon,southlake,03-13-23
financial analyst - investor reporting,gm financial,remote in fort worth,03-13-23
entry level mechanical assembler,halliburton,alvarado,03-13-23
customer care a/r,southern glazer’s wine and spirits,dallas,03-13-23
regional manager/area director/director of operations - south dallas,velvet taco,dallas,03-13-23
technician apprentice- (july cohort),republic services,dallas,03-13-23
technician- it services,american airlines,dallas,03-13-23
regulatory tax auditor (dept. of revenue - field compliance),state of missouri,hybrid remote in carrollton,03-13-23
epic learning analyst ii - temple- texas,baylor scott & white health,dallas,03-13-23
manager - security operations review board and intake,costco wholesale,dallas,03-13-23
quality assurance inspector,intellect,remote in arlington,03-13-23
social media coordinator (part-time),grand time,hybrid remote in dallas,03-13-23
contracts management - ifg - level 3,lockheed martin corporation,fort worth,03-13-23
claims examiner,webtpa,irving,03-13-23
business execution associate,wells fargo bank,dallas,03-13-23
ln concerts- settlement manager,live nation,dallas,03-13-23
driver,yfc logistics llc,duncanville,03-13-23
revenue specialist,megger,remote in dallas,03-13-23
patient care coordinator,saxon md facial plastic surgery,dallas,03-13-23
part time driver needed,care-free courier,irving,03-13-23
inventory control expeditor ii,mclane company,arlington,03-13-23
utility locate technician - $24-$30/hr - forney- texas,elm utility services,forney,03-13-23
area manager-supply chain,harbor freight tools usa- inc.3.3,fort worth,03-13-23
airfield operations officer,dallas/fort worth international airport,dallas,03-13-23
claims adjuster,dimont & associates- llc,dallas,03-13-23
business systems analyst iii - its,gm financial,remote in arlington,03-13-23
server,honor bar,dallas,03-13-23
backhaul utility (permanent/full-time),labatt food service,dallas,03-13-23
remote client coordinator,faith way,remote in arlington,03-13-23
gift shop lead clerk,global gaming lsp llc,grand prairie,03-13-23
long term substitute: middle school librarian,the episcopal school of dallas inc,dallas,03-13-23
cocktail/bottle server (te deseo),te deseo,dallas,03-13-23
access services rep 1,baylor scott & white health,grapevine,03-13-23
assistant director of esports,texas wesleyan university,fort worth,03-13-23
remote itinerary specialist,hvtours,remote in grand prairie,03-13-23
banker associate-government-middle market banking-associate,jpmorgan chase bank- n.a.3.8,dallas,03-13-23
garden services manager,britton & associates- inc.1.0,dallas,03-13-23
warehouse associate - multiple departments,marquee event group,carrollton,03-13-23
risk management specialist,irving independent school district,irving,03-13-23
aml investigator- analyst - hybrid (irving- tx),mufg,hybrid remote in irving,03-13-23
lead product marketing manager,at&t,remote in dallas,03-13-23
manager application development,cvs health,hybrid remote in richardson,03-13-23
office administrator,ebby halliday real estate- inc,dallas,03-13-23
benefits analyst,cook children's health care system,fort worth,03-13-23
vehicle driver/transporter,texas auto value,addison,03-13-23
teller (full time) - euless,prosperity bank,euless,03-13-23
dl - administrative assistant,gat,dallas,03-13-23
return dock specialist,nebraska furniture mart,the colony,03-13-23
accounts receivable clerk (ft),vssi,dallas,03-13-23
graphic production pre press,diesel displays + interiors- llc,dallas,03-13-23
office manager,staff zone,irving,03-13-23
delivery prep specialist - distribution prep,nebraska furniture mart,the colony,03-13-23
tech-l1-cu3d00-depot dept. iii,sms infocomm corporation,grapevine,03-13-23
scouting university (scouting u) director,boy scouts of america,irving,03-13-23
damage assessment specialist,classic roofing & solar- llc,fort worth,03-13-23
procurement manager – government repairs,boeing,dallas,03-13-23
logistics and inventory coordinator,american standard,grand prairie,03-13-23
insurance and financial services position - state farm agent team member,claudia salas - state farm agent,dallas,03-13-23
medical screener,octapharma plasma- inc.2.9,grand prairie,03-13-23
auto parts delivery driver,axiom professional solutions,irving,03-13-23
store scanning specialist,retaildata llc,fort worth,03-13-23
business analysis,jpmorgan chase bank- n.a.3.8,plano,03-13-23
clerical assistant,metroplex medical centres,dallas,03-13-23
deputy constable iii.9010400,dallas county,dallas,03-13-23
university recruiting associate,grant thornton,hybrid remote in dallas,03-13-23
accounts payable and receivable specialist,the houston jackson group,irving,03-13-23
locksmith apprentice - safecracker,fortress lock- safe- & security- llc,frisco,03-13-23
ed support tech,baylor scott & white health,grapevine,03-13-23
business analysis associate- community impact (dallas),jpmorgan chase bank- n.a.3.8,plano,03-13-23
commissioned driver helper (permanent/full-time),labatt food service,dallas,03-13-23
contracts management professional,korber supply chain llc,hybrid remote in dallas,03-13-23
logistics/scheduling coordinator,patientcare ems solutions texas,wylie,03-13-23
data scientist,caterpillar,irving,03-13-23
school clerk (grade: 6-8) base calendar,dallas independent school district,dallas,03-13-23
coordinator i (226 days),dallas independent school district,dallas,03-13-23
campus coordinator (grade 9-12) base calendar,dallas independent school district,dallas,03-13-23
utility locator,pavlov media inc,remote in dallas,03-13-23
make ready/ maintenance - irving- tx,gpi real estate management,irving,03-13-23
f-16 capture program integrator - level 4,lockheed martin corporation,fort worth,03-13-23
credit representative,martin marietta,dallas,03-13-23
leasing coordinator - no experience necessary,ninety,dallas,03-13-23
street team representative,monster energy,dallas,03-13-23
facilities assistant - landscape services,ut southwestern,dallas,03-13-23
event coordinator,pinstack,irving,03-13-23
customer service representative--doj,contact government services- llc,remote in dallas,03-13-23
event set-up supervisor,hyatt regency dfw airport,dallas,03-13-23
warehouse associate- replenishments (permanent/full-time),labatt food service,dallas,03-13-23
stockroom operations supervisor,kohls,lake worth,03-13-23
investigative assistant,electronic systems services,fort worth,03-13-23
parks laborer (seasonal position),city of farmers branch- tx,farmers branch,03-13-23
order entry processor,smith system manufacturing,carrollton,03-13-23
community health worker,harmony cares medical group,dallas,03-13-23
corporate it trainer,the trade group management llc,grapevine,03-13-23
warehouse specialist i,mclane company,dallas,03-13-23
secretary to the executive director of curriculum and instruction (2022-2023),carroll independent school district,southlake,03-13-23
business coordinator - recent graduate,centric pipe,dallas,03-13-23
preferred partner administrative assistant,liquid env solutions of texas,hybrid remote in irving,03-13-23
rentals coordinator,kirby-smith machinery- inc. - dallas- tx,dallas,03-13-23
community manager,associa,remote in dallas,03-13-23
consultant- business analysis,fidelity investments,westlake,03-13-23
payment clerk,ventra health- inc.3.3,fort worth,03-13-23
pathologist.3021200,dallas county,dallas,03-13-23
court services assistant,city of garland- tx,garland,03-13-23
director- visual merchandising,gamestop,grapevine,03-13-23
car wash sales cashier,wash masters midlothian,midlothian,03-13-23
fulfillment coordinator,ultimate confetti llc,carrollton,03-13-23
seo content editor,angi,remote in dallas,03-13-23
scribe,mso - texas joint institute,dallas,03-13-23
hr administrative receptionist - campus,goodwill industries of fort worth,fort worth,03-13-23
marketing analyst ii,gm financial,remote in irving,03-13-23
shop foreman-mercedes-benz grapevine,avondale group,grapevine,03-13-23
associate – supply chain,ips industries- inc.,dallas,03-13-23
bakery production,quiktrip distribution,midlothian,03-13-23
accounts payable specialist,culligan - dallas,irving,03-13-23
paralegal - office of the general counsel,buckner,hybrid remote in dallas,03-13-23
la bodega - hr manager,el rancho,farmers branch,03-13-23
inventory specialist - 012,copart,grand prairie,03-13-23
night putaway (permanent/full-time),labatt food service,dallas,03-13-23
night dry forklift (permanent/full-time),labatt food service,dallas,03-13-23
night auditor,hilton garden inn - las colinas,irving,03-13-23
dir.- practice operations,parkland health and hospital system,dallas,03-13-23
wealth management- trust & estates- private foundation services program officer - vp,jpmorgan chase bank- n.a.3.8,dallas,03-13-23
cleaner(clean4509),vineyard vines,dallas,03-13-23
at&t - enterprise account manager,cisco systems,remote in dallas,03-13-23
office adminstrator & social media specialists,economic mobility systems,hybrid remote in dallas,03-13-23
claims examiner,christus health,irving,03-13-23
customer pick-up clerk - pay $17-21/hr dep on exp,rooms to go,arlington,03-13-23
operations manager trainee (dfw),avis budget group,dallas,03-13-23
skilled team member,fiesta mart,irving,03-13-23
finance and insurance manager,westway ford,irving,03-13-23
desktop/network support specialist- immediate need,hire hero,dallas,03-13-23
lead utility,global texas concessions llc,grand prairie,03-13-23
private driver / chauffeur (pt / ft),my private driver,southlake,03-13-23
ptc software tester,spero llc,dallas,03-13-23
graphic project manager,the expo group,irving,03-13-23
customer service representative,elite 3653.0,dallas,03-13-23
welcome coordinator,oak street health,irving,03-13-23
audit staff,lane gorman trubitt- llc,hybrid remote in dallas,03-13-23
floor display specialist - part-time,nebraska furniture mart,the colony,03-13-23
seo content writer,angi,remote in dallas,03-13-23
medical appointment scheduler/ lop clerk,mri center of tx,dallas,03-13-23
accounts payable analyst,nextstep recruiting,lewisville,03-13-23
solar sales representative - $4-250 bonus training pay,sunrun,dallas,03-13-23
access services rep 2,baylor scott & white health,dallas,03-13-23
warehouse associate,rangam consultants,irving,03-13-23
help desk data analyst,pritchard & abbott- inc.,fort worth,03-13-23
credit and risk reporting analyst,susser bank,arlington,03-13-23
customer relationship advocate career development experience- westlake- tx,fidelity investments,westlake,03-13-23
part time pet sitters / dog walkers in carrollton- tx,vip pet services,carrollton,03-13-23
porter (cleaning crew/housekeeping associate),topgolf,the colony,03-13-23
laundry room attendant,global texas concessions llc,grand prairie,03-13-23
office administrator,millner woodruff cpas,flower mound,03-13-23
accounts receivable analyst,sitepro rentals inc,irving,03-13-23
production controller,halliburton,alvarado,03-13-23
accounting specialist,toulouse at legacy west,dallas,03-13-23
children support specialist (asd) - paid training + career progression - up to $1-000 sign on,behavioral innovations,colleyville,03-13-23
account coordinator,promotional products association international,irving,03-13-23
visual merchandiser,furniture to go,dallas,03-13-23
kennel technician,siberian cats,lavon,03-13-23
final expense insurance agent - free leads and preset appointments,fex advisors,dallas,03-13-23
operations and engagement coordinator- buckner shoes for orphan souls®,buckner,dallas,03-13-23
grants & contracts specialist- surgical sciences,ut southwestern,dallas,03-13-23
customer experience manager,home depot / thd,roanoke,03-13-23
mover helper | no drivers license required,wildcat movers,addison,03-13-23
digital content writer specialist,siemens,remote in plano,03-13-23
dallas 2nd shift department lead,thriftbooks,dallas,03-13-23
desktop publisher,city of houston- tx,mckinney,03-13-23
accountant iii- obgyn,ut southwestern,dallas,03-13-23
mobile compactor repair technician-1,republic services,arlington,03-13-23
administrative assistant/payroll clerk,c&w services,dallas,03-13-23
sales representative,hail medic,dallas,03-13-23
billing clerk,phoenix house texas,dallas,03-13-23
store manager,dunkin donuts,irving,03-13-23
front desk coordinator,total med solutions,dallas,03-13-23
sales associate,alh solutions,irving,03-13-23
contract svcs inspector.706250,dallas county,dallas,03-13-23
hr advisory manager,wells fargo bank,irving,03-13-23
member support specialist,vizient- inc.3.7,irving,03-13-23
csr - customer service representative $17 per hour,activus connect,remote in dallas,03-13-23
supervisor- technology (part-time)- smu bookstore,barnes & noble education- inc.3.8,dallas,03-13-23
e-sales agent (full time- work from home),u-haul,remote in garland,03-13-23
leasing professional - grapevine twentyfour99,greystar real estate partners llc,grapevine,03-13-23
inventory control clerk i,mclane company,arlington,03-13-23
gis analyst (remote),thomson reuters,remote in carrollton,03-13-23
instrument person,kci technologies inc.3.5,dallas,03-13-23
operations assistant - mb,martin brower,roanoke,03-13-23
forklift operator,novolex,carrollton,03-13-23
deli associate/ cashier *weekends off!!,nextlevel staffing,grand prairie,03-13-23
accounting assistant,nextstep recruiting,dallas,03-13-23
supervisor- customer service operations support,mary kay inc,hybrid remote in dallas,03-13-23
histology gross technician,arbor diagnostics,dallas,03-13-23
registry financial coord,baylor scott & white health,dallas,03-13-23
administrative assistant,george mcelroy & associates- inc.,dallas,03-13-23
server,pinstack,irving,03-13-23
center manager,concentra,carrollton,03-13-23
program scheduler iv,cae inc.3.7,arlington,03-13-23
returns security officer,gardaworld security services u.s.3.0,irving,03-13-23
paralegal,walsh gallegos trevino kyle & robinson p.c.,irving,03-13-23
customer care supervisor,reddy ice llc,dallas,03-13-23
part time instructor - in-store classes (dfw-irving- tx),michaels stores- inc.3.5,irving,03-13-23
server,caruth haven court,dallas,03-13-23
1st receiving,north american staffing group,irving,03-13-23
barista - $16 - einstein bros. dfw airport,paradies lagardere,dallas,03-13-23
laboratory analyst - night shift (dallas- tx),ieh laboratories & consulting group,dallas,03-13-23
recruiter/staffing specialist,staff up,dallas,03-13-23
remote itinerary specialist,joidat,remote in fort worth,03-13-23
customer service representative,u-haul,dallas,03-13-23
server banquet,las colinas country club,irving,03-13-23
order pullers/picking associates-2nd shift-urgently hiring,elliott electric supply,farmers branch,03-13-23
warehouse associate 2nd shift,bepc inc,irving,03-13-23
retail customer service - store greeter 34-40 hours,ikea,frisco,03-13-23
host $15-$18/hr. @ hawkers deep ellum - weekends only!,hawkers asian street food,dallas,03-13-23
trade accounting specialist,keurig dr pepper,hybrid remote in frisco,03-13-23
financial analyst ii - corporate treasury,gm financial,remote in fort worth,03-13-23
multi skilled journalist,cbs television stations,fort worth,03-13-23
pharmacy tech 1,baylor scott & white health,mckinney,03-13-23
bookkeeper,mwg enterprises,fort worth,03-13-23
driver helper,quiktrip distribution,midlothian,03-13-23
administrative assistant i (s04414p),university of texas at arlington,arlington,03-13-23
admissions specialist - post professional programs,the university of st. augustine for health...3.7,dallas,03-13-23
collision office manager - grand prairie- tx,joe hudson's collision center,grand prairie,03-13-23
security officer,allied universal®3.1,irving,03-13-23
office administration coordinator,husch blackwell,dallas,03-13-23
sales associate - grand prairie premium outlets - 1149,pacsun,grand prairie,03-13-23
travel cath lab tech job in dallas- tx - make $2280 - $2457/week,aya healthcare,dallas,03-13-23
billing specialist (remote),access telecare,remote in dallas,03-13-23
customer service representative,surfaceprep,dallas,03-13-23
dental assistant - skills laboratory instructor - dallas- tx,the college of health care professions,dallas,03-13-23
cpws sales consultant- off premise - dallas,southern glazer’s wine and spirits,farmers branch,03-13-23
delivery associate – make $18 up to $19.50/hour – amazon packages,amazon dsp,plano,03-13-23
merchandiser/warehouser,frito-lay north america,frisco,03-13-23
optical manager,sam's club,westworth village,03-13-23
payroll clerk,builders firstsource,dallas,03-13-23
coord laboratory asst,medical city plano,plano,03-13-23
supervisor- design,spectrum,coppell,03-13-23
ediscovery consultant- processing support,alixpartners,hybrid remote in dallas,03-13-23
medical office specialist,matlock ob/gyn,arlington,03-13-23
er registration representative,uspi,irving,03-13-23
assembler,acara solutions,irving,03-13-23
medical office specialist,mso arlington community clinic,grand prairie,03-13-23
(cco dept.) manager-cco program administration (non-civil service),city of dallas- tx,hybrid remote in dallas,03-13-23
chick-fil-a delivery driver $17 - $21,chick-fil-a north collins,arlington,03-13-23
operations management trainee,ryder system,dallas,03-13-23
order processor,interior logic group,lewisville,03-13-23
property administrator,transwestern,dallas,03-13-23
range safety officer,riflegear,the colony,03-13-23
service supervisor - broadstone paragon,greystar real estate partners llc,dallas,03-13-23
controller,cool air mechanical,dallas,03-13-23
personal banker,comerica bank,fort worth,03-13-23
manufacturing build team director,lockheed martin corporation,fort worth,03-13-23
call center analyst,pacific dental services,irving,03-13-23
store 4152-loss prevention specialist-denton- tx,albertsons,denton,03-13-23
contracted services coordinator,ceva logistics,dallas,03-13-23
asset protection - agent - the shops at park lane rack,nordstrom inc,dallas,03-13-23
mail handler assistant,united states postal service,fort worth,03-13-23
or sterilizer,mia aesthetics clinic dal pllc,lewisville,03-13-23
mortgage collections specialist,newbold advisors,hybrid remote in addison,03-13-23
checker,market street,colleyville,03-13-23
facilities assistant,recovery monitoring solutions corporation,dallas,03-13-23
investigative assistant 32 hours,electronic systems services,fort worth,03-13-23
