albertsons/ tom thumb dc,1,03/15/23
the goddard school - frisco- tx,1,03/15/23
ess education,1,03/15/23
arlington independent school district,1,03/15/23
audi grapevine,1,03/15/23
at&t,3,03/15/23
samsill corporation,1,03/15/23
baylor scott & white health,12,03/15/23
amazon warehouse,3,03/15/23
activ,1,03/15/23
university of phoenix,1,03/15/23
american airlines,6,03/15/23
orange coral reef ventures,1,03/15/23
keystaff,3,03/15/23
hampton inn & suites trophy club,1,03/15/23
a.t. staffing/advance'd temporaries,1,03/15/23
mlee healthcare,1,03/15/23
fedex ground ph us,1,03/15/23
l&s mechanical,1,03/15/23
southwest airlines,3,03/15/23
phoenix house texas,2,03/15/23
south valley medical clinic,1,03/15/23
kramer family funeral home,1,03/15/23
prize pest control,1,03/15/23
quality quests,1,03/15/23
dhl ecommerce,1,03/15/23
artemis arrow inc.,1,03/15/23
dept of family & protectve svc,1,03/15/23
spectrum,4,03/15/23
confidential,2,03/15/23
wavy shores,1,03/15/23
us employment and training administration,1,03/15/23
unitedhealth group,5,03/15/23
costa solutions,1,03/15/23
honor bar,2,03/15/23
elite sports promotions,1,03/15/23
wells fargo bank,3,03/15/23
athletes global corporation,1,03/15/23
unionmain homes,1,03/15/23
business integra inc,1,03/15/23
wildcat movers,2,03/15/23
chasing sunsets co.,1,03/15/23
bms heavy cranes inc,1,03/15/23
cedar niles internal medicine p.a.,1,03/15/23
boeing,2,03/15/23
aqua coral reef co,1,03/15/23
santander us,1,03/15/23
stonemere rehabilitation center,1,03/15/23
city of dallas- tx,5,03/15/23
mcgill partners inc,1,03/15/23
car-o-liner southwest company,1,03/15/23
united states postal service,2,03/15/23
manor solutions,2,03/15/23
cigna,1,03/15/23
vandergriff honda,1,03/15/23
lowe's,6,03/15/23
eaton fine art,1,03/15/23
interlochen health and rehabilitation center,1,03/15/23
foundation physicians group,1,03/15/23
sinacola,1,03/15/23
encompass health rehabilitation hospital of plano,1,03/15/23
lombardi family concepts- inc.,1,03/15/23
abbott laboratories,2,03/15/23
gm financial,6,03/15/23
sharkey's cuts for kids,1,03/15/23
eisinger smith consumer produts,1,03/15/23
ecs transportation group,3,03/15/23
embarc enterprises,1,03/15/23
hellofresh,1,03/15/23
medical city healthcare at home,1,03/15/23
gateway property management,1,03/15/23
xander staffing,1,03/15/23
children's health,2,03/15/23
lereta- llc,1,03/15/23
labatt food service,9,03/15/23
dallas county,4,03/15/23
upen group inc,1,03/15/23
healthdrive,1,03/15/23
teksystems,1,03/15/23
rsg group,1,03/15/23
marriott international- inc,2,03/15/23
excelin health,1,03/15/23
gat airline support,1,03/15/23
cook children's health care system,2,03/15/23
city of lewisville- tx,1,03/15/23
citi,1,03/15/23
walmart,1,03/15/23
hold and run,1,03/15/23
us bureau of engraving and printing,1,03/15/23
legend home corporation,1,03/15/23
ut southwestern,6,03/15/23
toyota of irving,1,03/15/23
trios events,1,03/15/23
jenkins partnerships inc,1,03/15/23
staples,1,03/15/23
railpros field services inc,1,03/15/23
the north face,1,03/15/23
fort worth independent school district,3,03/15/23
dhl,2,03/15/23
parkland health and hospital system,2,03/15/23
aramark healthcare+ at baylor scott & white...,1,03/15/23
prodly,1,03/15/23
arlington villas rehabilitation and healthcare...,1,03/15/23
the salvation army,1,03/15/23
the smoke job,1,03/15/23
wsa for radis community care,1,03/15/23
limitless adventures,1,03/15/23
hvtadventure,1,03/15/23
city of white settlement,1,03/15/23
susser bank,2,03/15/23
stellantis financial services us,1,03/15/23
east penn manufacturing - deka batteries,1,03/15/23
help desk analyst,1,03/15/23
ikea,2,03/15/23
u.s. district court - northern district of texas,1,03/15/23
3-d construction,1,03/15/23
traver companies,1,03/15/23
landers investment llc,1,03/15/23
skyline cabinetry inc,1,03/15/23
boy scouts of america,3,03/15/23
penfed credit union,1,03/15/23
rinse,1,03/15/23
westway ford,2,03/15/23
acara solutions,2,03/15/23
health & human services comm,1,03/15/23
dtxt- llc,1,03/15/23
hallmark aviation services,1,03/15/23
bitco insurance companies,1,03/15/23
global texas concessions llc,3,03/15/23
aramark,1,03/15/23
ascent ,1,03/15/23
eds service solutions,1,03/15/23
office of the attorney general,1,03/15/23
servicelink,1,03/15/23
matheson tri-gas,1,03/15/23
cummins inc.,1,03/15/23
48forty solutions,1,03/15/23
hillstone,1,03/15/23
maid brigade of greater fort worth/mid-cities,1,03/15/23
principle volkswagen,1,03/15/23
coca-cola southwest beverages,1,03/15/23
jsx,1,03/15/23
arbor diagnostics,2,03/15/23
u-haul,3,03/15/23
jcpenney,1,03/15/23
production resource group llc,2,03/15/23
dallas independent school district,5,03/15/23
columbia,1,03/15/23
university of texas at dallas,1,03/15/23
bishop enterprise,1,03/15/23
alston & bird,1,03/15/23
be relax spa,1,03/15/23
lockheed martin corporation,4,03/15/23
collaborative mind llc,1,03/15/23
cornerstone staffing,1,03/15/23
thriftbooks,2,03/15/23
city of irving texas,1,03/15/23
nordstrom,1,03/15/23
ace exhibits,1,03/15/23
ross stores,1,03/15/23
all city management services,1,03/15/23
macy’s,1,03/15/23
steris,1,03/15/23
simplytrue auto group,1,03/15/23
mclane company,4,03/15/23
triumph savings bank- ssb,1,03/15/23
united protective services,1,03/15/23
caterpillar,2,03/15/23
pinpoint recruitment,1,03/15/23
specialties direct,1,03/15/23
operation kindness- animal shelter,1,03/15/23
sunbelt rentals,1,03/15/23
abm aviation - dfw airport,2,03/15/23
lima usa,1,03/15/23
tbk bank,1,03/15/23
the villages on macarthur,1,03/15/23
united site services,1,03/15/23
pinnacle technical resources,1,03/15/23
autosavvy,1,03/15/23
tipstrips and more,1,03/15/23
national monitoring center,1,03/15/23
mocat adjusters,1,03/15/23
landstar system holdings- inc.,1,03/15/23
california therapy services,1,03/15/23
cortland,1,03/15/23
lululemon,1,03/15/23
halliburton,2,03/15/23
southern glazer’s wine and spirits,2,03/15/23
velvet taco,1,03/15/23
republic services,2,03/15/23
state of missouri,1,03/15/23
costco wholesale,1,03/15/23
intellect,1,03/15/23
grand time,1,03/15/23
webtpa,1,03/15/23
live nation,1,03/15/23
yfc logistics llc,1,03/15/23
megger,1,03/15/23
saxon md facial plastic surgery,1,03/15/23
care-free courier,1,03/15/23
elm utility services,1,03/15/23
harbor freight tools usa- inc.,1,03/15/23
dallas/fort worth international airport,1,03/15/23
dimont & associates- llc,1,03/15/23
faith way,1,03/15/23
global gaming lsp llc,1,03/15/23
the episcopal school of dallas inc,1,03/15/23
te deseo,1,03/15/23
texas wesleyan university,1,03/15/23
hvtours,1,03/15/23
jpmorgan chase bank- n.a.,4,03/15/23
britton & associates- inc.,1,03/15/23
marquee event group,1,03/15/23
irving independent school district,1,03/15/23
mufg,1,03/15/23
cvs health,1,03/15/23
ebby halliday real estate- inc,1,03/15/23
texas auto value,1,03/15/23
prosperity bank,1,03/15/23
gat,1,03/15/23
nebraska furniture mart,3,03/15/23
vssi,1,03/15/23
diesel displays + interiors- llc,1,03/15/23
staff zone,1,03/15/23
sms infocomm corporation,1,03/15/23
classic roofing & solar- llc,1,03/15/23
american standard,1,03/15/23
claudia salas - state farm agent,1,03/15/23
octapharma plasma- inc.,1,03/15/23
axiom professional solutions,1,03/15/23
retaildata llc,1,03/15/23
metroplex medical centres,1,03/15/23
grant thornton,1,03/15/23
the houston jackson group,1,03/15/23
fortress lock- safe- & security- llc,1,03/15/23
korber supply chain llc,1,03/15/23
patientcare ems solutions texas,1,03/15/23
pavlov media inc,1,03/15/23
gpi real estate management,1,03/15/23
martin marietta,1,03/15/23
ninety,1,03/15/23
monster energy,1,03/15/23
pinstack,2,03/15/23
contact government services- llc,1,03/15/23
hyatt regency dfw airport,1,03/15/23
kohls,1,03/15/23
electronic systems services,2,03/15/23
city of farmers branch- tx,1,03/15/23
smith system manufacturing,1,03/15/23
harmony cares medical group,1,03/15/23
the trade group management llc,1,03/15/23
carroll independent school district,1,03/15/23
centric pipe,1,03/15/23
liquid env solutions of texas,1,03/15/23
kirby-smith machinery- inc. - dallas- tx,1,03/15/23
associa,1,03/15/23
fidelity investments,2,03/15/23
ventra health- inc.,1,03/15/23
city of garland- tx,1,03/15/23
gamestop,1,03/15/23
wash masters midlothian,1,03/15/23
ultimate confetti llc,1,03/15/23
angi,2,03/15/23
mso - texas joint institute,1,03/15/23
goodwill industries of fort worth,1,03/15/23
avondale group,1,03/15/23
ips industries- inc.,1,03/15/23
quiktrip distribution,2,03/15/23
culligan - dallas,1,03/15/23
buckner,2,03/15/23
el rancho,1,03/15/23
copart,1,03/15/23
hilton garden inn - las colinas,1,03/15/23
vineyard vines,1,03/15/23
cisco systems,1,03/15/23
economic mobility systems,1,03/15/23
christus health,1,03/15/23
rooms to go,1,03/15/23
avis budget group,1,03/15/23
fiesta mart,1,03/15/23
hire hero,1,03/15/23
my private driver,1,03/15/23
spero llc,1,03/15/23
the expo group,1,03/15/23
elite ,1,03/15/23
oak street health,1,03/15/23
lane gorman trubitt- llc,1,03/15/23
mri center of tx,1,03/15/23
nextstep recruiting,2,03/15/23
sunrun,1,03/15/23
rangam consultants,1,03/15/23
pritchard & abbott- inc.,1,03/15/23
vip pet services,1,03/15/23
topgolf,1,03/15/23
millner woodruff cpas,1,03/15/23
sitepro rentals inc,1,03/15/23
toulouse at legacy west,1,03/15/23
behavioral innovations,1,03/15/23
promotional products association international,1,03/15/23
furniture to go,1,03/15/23
siberian cats,1,03/15/23
fex advisors,1,03/15/23
home depot / thd,1,03/15/23
siemens,1,03/15/23
city of houston- tx,1,03/15/23
c&w services,1,03/15/23
hail medic,1,03/15/23
dunkin donuts,1,03/15/23
total med solutions,1,03/15/23
alh solutions,1,03/15/23
vizient- inc.,1,03/15/23
activus connect,1,03/15/23
barnes & noble education- inc.,1,03/15/23
greystar real estate partners llc,2,03/15/23
thomson reuters,1,03/15/23
kci technologies inc.,1,03/15/23
martin brower,1,03/15/23
novolex,1,03/15/23
nextlevel staffing,1,03/15/23
mary kay inc,1,03/15/23
george mcelroy & associates- inc.,1,03/15/23
concentra,1,03/15/23
cae inc.,1,03/15/23
gardaworld security services u.s.,1,03/15/23
walsh gallegos trevino kyle & robinson p.c.,1,03/15/23
reddy ice llc,1,03/15/23
michaels stores- inc.,1,03/15/23
caruth haven court,1,03/15/23
north american staffing group,1,03/15/23
paradies lagardere,1,03/15/23
ieh laboratories & consulting group,1,03/15/23
staff up,1,03/15/23
joidat,1,03/15/23
las colinas country club,1,03/15/23
elliott electric supply,1,03/15/23
bepc inc,1,03/15/23
hawkers asian street food,1,03/15/23
keurig dr pepper,1,03/15/23
cbs television stations,1,03/15/23
mwg enterprises,1,03/15/23
university of texas at arlington,1,03/15/23
the university of st. augustine for health...,1,03/15/23
joe hudson's collision center,1,03/15/23
allied universal®3.,1,03/15/23
husch blackwell,1,03/15/23
pacsun,1,03/15/23
aya healthcare,1,03/15/23
access telecare,1,03/15/23
surfaceprep,1,03/15/23
the college of health care professions,1,03/15/23
amazon dsp,1,03/15/23
frito-lay north america,1,03/15/23
sam's club,1,03/15/23
builders firstsource,1,03/15/23
medical city plano,1,03/15/23
alixpartners,1,03/15/23
matlock ob/gyn,1,03/15/23
uspi,1,03/15/23
mso arlington community clinic,1,03/15/23
chick-fil-a north collins,1,03/15/23
ryder system,1,03/15/23
interior logic group,1,03/15/23
transwestern,1,03/15/23
riflegear,1,03/15/23
cool air mechanical,1,03/15/23
comerica bank,1,03/15/23
pacific dental services,1,03/15/23
albertsons,1,03/15/23
ceva logistics,1,03/15/23
nordstrom inc,1,03/15/23
mia aesthetics clinic dal pllc,1,03/15/23
newbold advisors,1,03/15/23
market street,1,03/15/23
recovery monitoring solutions corporation,1,03/15/23
