warehouse,15,03/15/23
worker,3,03/15/23
retention,1,03/15/23
bonus,3,03/15/23
childcare,1,03/15/23
yearly,1,03/15/23
early,1,03/15/23
childhood,1,03/15/23
teacher,2,03/15/23
infants,1,03/15/23
pre,2,03/15/23
building,1,03/15/23
based,2,03/15/23
sub,1,03/15/23
work,3,03/15/23
everyday,1,03/15/23
attendance,2,03/15/23
clerk,18,03/15/23
high,1,03/15/23
school,4,03/15/23
car,3,03/15/23
wash,2,03/15/23
attendant,4,03/15/23
detailer,1,03/15/23
customer,26,03/15/23
service,31,03/15/23
representative,22,03/15/23
sales,15,03/15/23
wfh,1,03/15/23
from,2,03/15/23
home,6,03/15/23
tsm,1,03/15/23
operator,4,03/15/23
nd,5,03/15/23
shift,7,03/15/23
biostatistician,1,03/15/23
ii,12,03/15/23
amazon,4,03/15/23
sortation,1,03/15/23
center,6,03/15/23
associate,26,03/15/23
accounts,6,03/15/23
receivable,4,03/15/23
manager,34,03/15/23
beverage,1,03/15/23
distributor,1,03/15/23
student,1,03/15/23
support,19,03/15/23
specialist,43,03/15/23
office,15,03/15/23
international,1,03/15/23
aadvantage,1,03/15/23
reservations,1,03/15/23
fulfillment,4,03/15/23
remote,24,03/15/23
coordinator,28,03/15/23
needed,5,03/15/23
to,7,03/15/23
book,4,03/15/23
cruises,4,03/15/23
agent,10,03/15/23
marketing,3,03/15/23
assistant,40,03/15/23
irving,9,03/15/23
tx,15,03/15/23
part,16,03/15/23
time,29,03/15/23
night,6,03/15/23
auditor,4,03/15/23
lvn,1,03/15/23
ascp,1,03/15/23
laboratory,5,03/15/23
mt,1,03/15/23
amt,1,03/15/23
cls,1,03/15/23
package,1,03/15/23
handler,4,03/15/23
mechanical,2,03/15/23
apprentice,4,03/15/23
innovation,1,03/15/23
designer,1,03/15/23
peer,1,03/15/23
front,5,03/15/23
desk,6,03/15/23
receptionist,4,03/15/23
funeral,1,03/15/23
director,11,03/15/23
or,3,03/15/23
evenings,1,03/15/23
and,17,03/15/23
weekends,3,03/15/23
domestic,1,03/15/23
sorter,1,03/15/23
advisor,5,03/15/23
theme,2,03/15/23
park,4,03/15/23
tickets,1,03/15/23
administrative,9,03/15/23
entry,9,03/15/23
level,7,03/15/23
base,4,03/15/23
property,2,03/15/23
booker,2,03/15/23
unemployment,1,03/15/23
insurance,4,03/15/23
program,5,03/15/23
sca,1,03/15/23
quality,4,03/15/23
audit,3,03/15/23
national,5,03/15/23
ojr,1,03/15/23
claims,4,03/15/23
st,2,03/15/23
pass,1,03/15/23
hospital,1,03/15/23
unloader,1,03/15/23
am,1,03/15/23
mon,1,03/15/23
fri,1,03/15/23
greeter,2,03/15/23
teller,2,03/15/23
macarthur,1,03/15/23
cheer,1,03/15/23
hip,1,03/15/23
hop,1,03/15/23
instructor,3,03/15/23
new,3,03/15/23
counselor,1,03/15/23
data,7,03/15/23
lead,6,03/15/23
mover,2,03/15/23
for,2,03/15/23
research,1,03/15/23
analyst,27,03/15/23
gmk,1,03/15/23
crane,1,03/15/23
medical,6,03/15/23
production,6,03/15/23
recovery,1,03/15/23
resolution,2,03/15/23
testing,1,03/15/23
occupational,1,03/15/23
therapy,2,03/15/23
oca,1,03/15/23
executive,3,03/15/23
of,6,03/15/23
arts,1,03/15/23
culture,1,03/15/23
non,3,03/15/23
civil,2,03/15/23
scheduler,5,03/15/23
automotive,1,03/15/23
collision,2,03/15/23
training,3,03/15/23
technical,4,03/15/23
rural,1,03/15/23
carr,1,03/15/23
assoc,2,03/15/23
srv,1,03/15/23
reg,1,03/15/23
rte,1,03/15/23
manual,1,03/15/23
letter,1,03/15/23
printing,1,03/15/23
evernorth,1,03/15/23
health,6,03/15/23
services,20,03/15/23
onsite,1,03/15/23
experienced,1,03/15/23
window,1,03/15/23
tinting,1,03/15/23
technician,14,03/15/23
merchandising,4,03/15/23
days,3,03/15/23
accounting,8,03/15/23
mds,1,03/15/23
sign,2,03/15/23
on,5,03/15/23
foreman,2,03/15/23
supervisor,11,03/15/23
excavation,1,03/15/23
rehab,1,03/15/23
tech,6,03/15/23
assembler,3,03/15/23
gsoc,1,03/15/23
bilingual,1,03/15/23
patient,5,03/15/23
spec,2,03/15/23
awesomness,1,03/15/23
only,2,03/15/23
admin,2,03/15/23
order,4,03/15/23
processing,5,03/15/23
chauffeur,2,03/15/23
mre,1,03/15/23
shipping,2,03/15/23
receiving,3,03/15/23
prn,1,03/15/23
registered,1,03/15/23
nurse,1,03/15/23
reservationist,1,03/15/23
ambulatory,1,03/15/23
representatives,1,03/15/23
mailroom,1,03/15/23
processor,4,03/15/23
produce,2,03/15/23
repacks,1,03/15/23
permanent,9,03/15/23
full,13,03/15/23
operations,16,03/15/23
iii,6,03/15/23
documentation,1,03/15/23
technology,2,03/15/23
tier,1,03/15/23
helpdesk,1,03/15/23
team,7,03/15/23
member,6,03/15/23
human,4,03/15/23
resources,3,03/15/23
surest,1,03/15/23
formerly,1,03/15/23
bind,1,03/15/23
claim,1,03/15/23
policy,1,03/15/23
procedure,1,03/15/23
payroll,4,03/15/23
airport,6,03/15/23
unit,1,03/15/23
secretary,2,03/15/23
picu,1,03/15/23
dispatcher,2,03/15/23
system,1,03/15/23
library,1,03/15/23
loan,2,03/15/23
doc,1,03/15/23
proc,1,03/15/23
dry,2,03/15/23
loader,1,03/15/23
wellness,1,03/15/23
store,6,03/15/23
not,1,03/15/23
scheduling,2,03/15/23
staffing,2,03/15/23
day,3,03/15/23
honeymoon,1,03/15/23
planner,3,03/15/23
retail,5,03/15/23
supervisory,1,03/15/23
currency,1,03/15/23
online,1,03/15/23
fiscal,1,03/15/23
plant,1,03/15/23
call,2,03/15/23
consultant,6,03/15/23
event,3,03/15/23
test,2,03/15/23
validation,1,03/15/23
bulk,1,03/15/23
the,6,03/15/23
north,2,03/15/23
face,1,03/15/23
dallas,9,03/15/23
employee,1,03/15/23
pc,1,03/15/23
export,1,03/15/23
document,3,03/15/23
business,9,03/15/23
food,1,03/15/23
must,1,03/15/23
be,1,03/15/23
fully,1,03/15/23
vaccinated,1,03/15/23
hr,7,03/15/23
generalist,4,03/15/23
youth,1,03/15/23
development,4,03/15/23
professional,4,03/15/23
cashier,5,03/15/23
hospitality,1,03/15/23
planning,2,03/15/23
resource,1,03/15/23
workforce,1,03/15/23
management,7,03/15/23
campus,4,03/15/23
two,1,03/15/23
positions,1,03/15/23
diet,1,03/15/23
strategy,1,03/15/23
global,1,03/15/23
supply,3,03/15/23
chain,3,03/15/23
forklift,3,03/15/23
credit,3,03/15/23
risk,3,03/15/23
reporting,3,03/15/23
carrollton,3,03/15/23
material,2,03/15/23
help,2,03/15/23
hours,3,03/15/23
finance,3,03/15/23
iv,2,03/15/23
certification,1,03/15/23
employment,1,03/15/23
eligibility,1,03/15/23
project,2,03/15/23
real,1,03/15/23
estate,1,03/15/23
transaction,1,03/15/23
philanthropic,1,03/15/23
gm,1,03/15/23
protection,2,03/15/23
hybrid,2,03/15/23
escrow,1,03/15/23
administration,3,03/15/23
body,1,03/15/23
shop,3,03/15/23
estimator,1,03/15/23
fabrication,1,03/15/23
workers,1,03/15/23
multiple,2,03/15/23
openings,1,03/15/23
urgent,1,03/15/23
needs,1,03/15/23
collections,2,03/15/23
ccl,1,03/15/23
inspector,3,03/15/23
associates,2,03/15/23
dfw,6,03/15/23
qf,1,03/15/23
premium,2,03/15/23
host,3,03/15/23
jan,1,03/15/23
coord,3,03/15/23
underwriter,1,03/15/23
concessions,1,03/15/23
custodian,1,03/15/23
samsung,1,03/15/23
materials,1,03/15/23
delivery,5,03/15/23
station,1,03/15/23
inflight,1,03/15/23
safety,2,03/15/23
assurance,3,03/15/23
rental,2,03/15/23
driver,9,03/15/23
oag,1,03/15/23
child,2,03/15/23
desktop,3,03/15/23
staff,2,03/15/23
appraiser,1,03/15/23
texas,3,03/15/23
fleet,1,03/15/23
administrator,5,03/15/23
labor,1,03/15/23
pallet,1,03/15/23
repair,2,03/15/23
leader,1,03/15/23
access,3,03/15/23
cooler,1,03/15/23
runner,1,03/15/23
server,6,03/15/23
house,1,03/15/23
cleaner,2,03/15/23
dealership,1,03/15/23
records,2,03/15/23
equipment,2,03/15/23
uncertified,1,03/15/23
facility,1,03/15/23
housekeeper,1,03/15/23
field,4,03/15/23
investigator,2,03/15/23
greater,1,03/15/23
york,1,03/15/23
area,3,03/15/23
hostess,1,03/15/23
columbia,1,03/15/23
sportswear,1,03/15/23
lecturer,1,03/15/23
jsom,1,03/15/23
concierge,2,03/15/23
legal,1,03/15/23
spa,1,03/15/23
manufacturing,2,03/15/23
flexible,1,03/15/23
financial,5,03/15/23
heavy,1,03/15/23
floor,2,03/15/23
gallery,1,03/15/23
parkway,1,03/15/23
rack,2,03/15/23
dds,1,03/15/23
discounts,1,03/15/23
loss,2,03/15/23
prevention,2,03/15/23
crossing,1,03/15/23
guard,1,03/15/23
highland,1,03/15/23
mall,1,03/15/23
inventory,5,03/15/23
morning,1,03/15/23
afternoon,1,03/15/23
security,5,03/15/23
officer,6,03/15/23
asset,2,03/15/23
visualization,1,03/15/23
industrial,1,03/15/23
setting,1,03/15/23
vet,1,03/15/23
community,4,03/15/23
initiatives,1,03/15/23
co,1,03/15/23
op,1,03/15/23
hiring,3,03/15/23
spot,1,03/15/23
tuesday,1,03/15/23
march,1,03/15/23
th,1,03/15/23
jobs,2,03/15/23
now,1,03/15/23
aircraft,1,03/15/23
cabin,1,03/15/23
cleaners,1,03/15/23
apply,1,03/15/23
today,1,03/15/23
process,1,03/15/23
control,3,03/15/23
dwu,1,03/15/23
cwwtp,1,03/15/23
duty,1,03/15/23
free,2,03/15/23
grade,3,03/15/23
ec,1,03/15/23
calendar,3,03/15/23
people,1,03/15/23
partners,1,03/15/23
title,1,03/15/23
is,1,03/15/23
csr,2,03/15/23
alarm,1,03/15/23
monitoring,1,03/15/23
independent,1,03/15/23
adjuster,2,03/15/23
bco,1,03/15/23
rep,3,03/15/23
centers,1,03/15/23
staffer,1,03/15/23
leasing,3,03/15/23
cortland,1,03/15/23
at,3,03/15/23
valley,1,03/15/23
ranch,1,03/15/23
educator,1,03/15/23
investor,1,03/15/23
care,3,03/15/23
regional,1,03/15/23
south,1,03/15/23
july,1,03/15/23
cohort,1,03/15/23
it,2,03/15/23
regulatory,1,03/15/23
tax,1,03/15/23
dept,3,03/15/23
revenue,2,03/15/23
compliance,1,03/15/23
epic,1,03/15/23
learning,1,03/15/23
temple,1,03/15/23
review,1,03/15/23
board,1,03/15/23
intake,1,03/15/23
social,2,03/15/23
media,2,03/15/23
contracts,3,03/15/23
ifg,1,03/15/23
examiner,2,03/15/23
execution,1,03/15/23
ln,1,03/15/23
concerts,1,03/15/23
settlement,1,03/15/23
expeditor,1,03/15/23
utility,4,03/15/23
locate,1,03/15/23
forney,1,03/15/23
airfield,1,03/15/23
systems,1,03/15/23
its,1,03/15/23
backhaul,1,03/15/23
client,1,03/15/23
gift,1,03/15/23
long,1,03/15/23
term,1,03/15/23
substitute,1,03/15/23
middle,2,03/15/23
librarian,1,03/15/23
cocktail,1,03/15/23
bottle,1,03/15/23
te,1,03/15/23
deseo,1,03/15/23
esports,1,03/15/23
itinerary,2,03/15/23
banker,2,03/15/23
government,2,03/15/23
market,1,03/15/23
banking,1,03/15/23
garden,1,03/15/23
departments,1,03/15/23
aml,1,03/15/23
product,1,03/15/23
application,1,03/15/23
benefits,1,03/15/23
vehicle,1,03/15/23
transporter,1,03/15/23
euless,1,03/15/23
dl,1,03/15/23
return,1,03/15/23
dock,1,03/15/23
ft,2,03/15/23
graphic,2,03/15/23
press,1,03/15/23
prep,2,03/15/23
distribution,1,03/15/23
cu,1,03/15/23
depot,1,03/15/23
scouting,2,03/15/23
university,2,03/15/23
damage,1,03/15/23
assessment,1,03/15/23
procurement,1,03/15/23
repairs,1,03/15/23
logistics,2,03/15/23
position,2,03/15/23
state,1,03/15/23
farm,1,03/15/23
screener,1,03/15/23
auto,1,03/15/23
parts,1,03/15/23
scanning,1,03/15/23
analysis,3,03/15/23
clerical,1,03/15/23
deputy,1,03/15/23
constable,1,03/15/23
recruiting,1,03/15/23
payable,3,03/15/23
locksmith,1,03/15/23
safecracker,1,03/15/23
ed,1,03/15/23
impact,1,03/15/23
commissioned,1,03/15/23
helper,3,03/15/23
scientist,1,03/15/23
locator,1,03/15/23
make,3,03/15/23
ready,1,03/15/23
maintenance,1,03/15/23
capture,1,03/15/23
integrator,1,03/15/23
no,2,03/15/23
experience,3,03/15/23
necessary,1,03/15/23
street,1,03/15/23
facilities,2,03/15/23
landscape,1,03/15/23
doj,1,03/15/23
set,1,03/15/23
up,4,03/15/23
replenishments,1,03/15/23
stockroom,1,03/15/23
investigative,2,03/15/23
parks,1,03/15/23
laborer,1,03/15/23
seasonal,1,03/15/23
corporate,2,03/15/23
trainer,1,03/15/23
curriculum,1,03/15/23
instruction,1,03/15/23
recent,1,03/15/23
graduate,1,03/15/23
preferred,1,03/15/23
partner,1,03/15/23
rentals,1,03/15/23
payment,1,03/15/23
pathologist,1,03/15/23
court,1,03/15/23
visual,2,03/15/23
seo,2,03/15/23
content,3,03/15/23
editor,1,03/15/23
scribe,1,03/15/23
mercedes,1,03/15/23
benz,1,03/15/23
grapevine,2,03/15/23
bakery,1,03/15/23
paralegal,2,03/15/23
general,1,03/15/23
counsel,1,03/15/23
la,1,03/15/23
bodega,1,03/15/23
putaway,1,03/15/23
dir,1,03/15/23
practice,1,03/15/23
wealth,1,03/15/23
trust,1,03/15/23
estates,1,03/15/23
private,2,03/15/23
foundation,1,03/15/23
vp,1,03/15/23
clean,1,03/15/23
enterprise,1,03/15/23
account,2,03/15/23
adminstrator,1,03/15/23
specialists,1,03/15/23
pick,1,03/15/23
pay,2,03/15/23
dep,1,03/15/23
exp,1,03/15/23
trainee,2,03/15/23
skilled,2,03/15/23
network,1,03/15/23
immediate,1,03/15/23
need,1,03/15/23
pt,1,03/15/23
ptc,1,03/15/23
software,1,03/15/23
tester,1,03/15/23
welcome,1,03/15/23
display,1,03/15/23
writer,2,03/15/23
appointment,1,03/15/23
lop,1,03/15/23
solar,1,03/15/23
relationship,1,03/15/23
advocate,1,03/15/23
career,2,03/15/23
westlake,1,03/15/23
pet,1,03/15/23
sitters,1,03/15/23
dog,1,03/15/23
walkers,1,03/15/23
in,3,03/15/23
porter,1,03/15/23
cleaning,1,03/15/23
crew,1,03/15/23
housekeeping,1,03/15/23
laundry,1,03/15/23
room,1,03/15/23
controller,2,03/15/23
children,1,03/15/23
asd,1,03/15/23
paid,1,03/15/23
progression,1,03/15/23
merchandiser,2,03/15/23
kennel,1,03/15/23
final,1,03/15/23
expense,1,03/15/23
leads,1,03/15/23
preset,1,03/15/23
appointments,1,03/15/23
engagement,1,03/15/23
buckner,1,03/15/23
shoes,1,03/15/23
orphan,1,03/15/23
soulsÂ®,1,03/15/23
grants,1,03/15/23
surgical,1,03/15/23
sciences,1,03/15/23
drivers,1,03/15/23
license,1,03/15/23
required,1,03/15/23
digital,1,03/15/23
department,1,03/15/23
publisher,1,03/15/23
accountant,1,03/15/23
obgyn,1,03/15/23
mobile,1,03/15/23
compactor,1,03/15/23
billing,2,03/15/23
contract,1,03/15/23
svcs,1,03/15/23
advisory,1,03/15/23
per,1,03/15/23
hour,2,03/15/23
smu,1,03/15/23
bookstore,1,03/15/23
twentyfour,1,03/15/23
gis,1,03/15/23
instrument,1,03/15/23
person,1,03/15/23
mb,1,03/15/23
deli,1,03/15/23
off,2,03/15/23
histology,1,03/15/23
gross,1,03/15/23
registry,1,03/15/23
returns,1,03/15/23
classes,1,03/15/23
barista,1,03/15/23
einstein,1,03/15/23
bros,1,03/15/23
recruiter,1,03/15/23
banquet,1,03/15/23
pullers,1,03/15/23
picking,1,03/15/23
urgently,1,03/15/23
hawkers,1,03/15/23
deep,1,03/15/23
ellum,1,03/15/23
trade,1,03/15/23
treasury,1,03/15/23
multi,1,03/15/23
journalist,1,03/15/23
pharmacy,1,03/15/23
bookkeeper,1,03/15/23
admissions,1,03/15/23
post,1,03/15/23
programs,1,03/15/23
grand,2,03/15/23
prairie,2,03/15/23
outlets,1,03/15/23
travel,1,03/15/23
cath,1,03/15/23
lab,1,03/15/23
job,1,03/15/23
week,1,03/15/23
dental,1,03/15/23
skills,1,03/15/23
cpws,1,03/15/23
premise,1,03/15/23
packages,1,03/15/23
warehouser,1,03/15/23
optical,1,03/15/23
asst,1,03/15/23
design,1,03/15/23
ediscovery,1,03/15/23
er,1,03/15/23
registration,1,03/15/23
cco,2,03/15/23
chick,1,03/15/23
fil,1,03/15/23
range,1,03/15/23
broadstone,1,03/15/23
paragon,1,03/15/23
personal,1,03/15/23
build,1,03/15/23
denton,1,03/15/23
contracted,1,03/15/23
shops,1,03/15/23
lane,1,03/15/23
mail,1,03/15/23
sterilizer,1,03/15/23
mortgage,1,03/15/23
checker,1,03/15/23
